Feature1,Feature2,Cluster
-0.16325494883317873,-0.08645528271104713,0
-0.011145611841841251,0.011498899870062375,0
-2.1150560151878075,1.4053654387244203,2
0.5426107834987963,0.7159388934369917,1
2.320799839280298,0.11709087215544195,2
0.2098494779230553,-1.2406245995562275,1
-0.06174330145790107,-0.4468362536626212,0
-0.672460447775951,-0.3595531615405413,0
-1.550429345083481,0.4173188210318355,2
1.2605688450421493,-0.10039350340136602,1
0.280441705316296,-0.9931236109295807,1
-0.3634377801160514,0.7790512201329916,0
-2.2555642294021894,-1.0225068436356035,2
-0.4015575444993436,-0.46847604467972315,0
-1.3322116545945017,-1.9686246897860202,2
0.10490716508551272,0.1339129226154759,0
0.9304084961111163,-0.17531640232701995,1
-0.7967753063063009,1.5480668013787386,2
1.1172834656881903,-1.5639046348397663,2
-1.0455245570694658,-1.0848560594614451,2
0.15925046837370244,-1.9585489551365387,2
-1.4912575927056055,0.4393917012645369,2
0.38273243001226814,-0.03424228053195387,0
0.4026255311300352,-1.775887999961829,2
-0.5352701645328445,0.025405208385016018,0
-0.7447548220484399,-0.8264385386590144,1
0.6234536094243824,0.8906716814313947,1
0.6663830820319143,-0.4607197873885533,0
0.6878813911747546,0.04985726659982265,0
0.920858823780819,0.3187276529430212,1
-0.7657021944780863,0.555786964082873,1
0.9000542427640723,1.8022422297905472,2
0.14180663915345446,1.8334353618156785,2
-0.8877857476301128,-1.980796468223927,2
0.07458640654355353,-1.0770990694039948,1
-0.955945000492777,-0.34598177569938643,1
0.8767267736904524,-1.8269113783045177,2
-1.2597873434052702,0.02862050418778282,1
0.26902407317624666,0.5249178636458827,0
0.8203217972614217,1.3599485416794843,2
1.6002678187487591,-0.1888347802177838,2
-0.9711706648243907,1.4263168607870274,2
-0.65240858238702,-0.3909533751876011,0
-0.27567053456055696,-0.7097279658468882,0
-1.951804101481602,-0.659891729729498,2
1.8675589604265699,0.9060446582753853,2
-0.4003488150134234,-1.4723229284664896,2
0.19782816784986781,0.09775080242218528,0
-0.48972502237302673,-0.27929666927837216,0
-1.1268258087567435,-0.7306777528648248,1
-0.14268771207346503,-1.227636420410408,1
-0.34419645646738123,-0.2527106720416067,0
0.6937731526901325,-0.1595734381462669,0
0.4768983689222224,0.14844958138007808,0
-0.07311964594819724,-1.2973796559567399,1
-1.8300285504278102,-0.6958351193495473,2
-0.6878376110286823,-1.2140774030941206,1
-0.7781835214561222,1.7367749569767108,2
0.43480795773115793,0.5400944605248059,0
-1.1949868052686603,-0.500409667304264,1
-0.6795930425441441,-0.564317909682489,0
-1.2796891732042395,-0.5854312042777726,1
-0.13190863977996706,0.4047618120404975,0
0.03811800017940036,-0.5789181399432078,0
0.498726958311932,-0.7379317802412299,1
1.1452621730192247,0.3464944420067607,1
0.06751685717432486,0.777604137902912,0
1.3645318481024713,-0.6894491845499376,2
0.5383296032761768,-0.14244541750936937,0
-0.5973160689653627,-0.237921729736007,0
0.010349314566299353,0.7200337593416528,0
1.011842432994189,-0.6579510447611686,1
0.35281660649437835,-0.15277442354540868,0
-0.5324899192090677,0.6450552734598769,0
0.08753147092167086,0.9387468756823101,1
0.018922103882194737,-0.08203415314548415,0
-0.4122717546045429,-0.4034591834208012,0
-0.43515355172163744,1.8492637284793418,2
0.027762131625501486,-0.42554221277144805,0
-0.19839889682004574,0.09419230031014657,0
0.4631303293186071,0.2790957643924534,0
0.9424681192203938,-0.2675947462353477,1
2.383144774863942,0.9444794869904138,2
0.8416312640736364,-0.24945858016094885,0
1.4219755592924648,0.4563633634807854,2
0.8313510579847683,0.4879726826630046,1
0.9853175089398669,0.766919669661199,1
0.6027076564293296,-0.5946497697204054,0
0.8505306835234382,-0.8391241905992737,1
0.46637957438197886,-0.09439250641118496,0
1.9050636405600176,-0.014777219659844777,2
-0.34796185592084583,-1.3533888581477134,1
0.1546688336463322,1.0415683888185818,1
0.017515613278218337,0.3236257646091187,0
0.0330897511387602,-0.8541612608143545,0
0.28479059913436316,-0.30937759288336136,0
0.08617684238012002,2.19089801323984,2
-1.05747364780153,-0.5559850318789673,1
0.9500884175255894,-0.1513572082976979,1
0.3708250012811021,0.14206180518723566,0
-0.9855107376841507,-1.4718350074635869,2
-0.11816404512856976,-0.6801782039968504,0
-0.4513030371025261,0.2656879749662359,0
-0.7922866618061449,-0.5316059080114549,1
-2.659172237996741,0.6063195243593807,2
-0.2559576692142683,-0.3480463796426194,0
1.3086687523521792,-0.02579855825448711,1
1.484925598699954,-2.123890018045559,2
-0.653284701927889,0.07851402517417629,0
0.44702415688567826,0.10571999546715494,0
1.6857923026593036,-1.6480462063661798,2
0.040071456547775455,-0.32775491729641676,0
-0.3090129690471222,-1.6760038063299767,2
-0.3265609776792077,-0.008209882269614045,0
2.6962240525635797,-0.07392466628041514,2
-1.3342584714027534,-1.3467175057975553,2
0.9909091736848452,-0.18670911180977923,1
-0.8483205228052325,-0.32566946882017417,1
0.5684589189242769,-0.3328117648522096,0
-0.029856121636366265,-0.1181707843665918,0
-1.5096616060682988,-0.27739139174310984,2
-0.667712720570559,1.6819217400731377,2
-0.6280875596415789,-0.4810271184607877,0
0.5785214977288784,0.349654456993174,0
1.1787795711596507,-0.17992483581235091,1
0.7706730544633433,-0.13043973378332732,0
-0.19065349358139935,-0.3948495140334503,0
-0.06028753363911904,0.278081047967944,0
-1.2128678162090247,0.2837695543833455,1
0.18392549434030994,-0.3854897603756083,0
0.09837790681547566,0.38141625420917086,0
0.9318483741143037,0.339964983801262,1
-0.03576807186022113,2.3807453512197503,2
-1.4519055294317473,0.3822027877852936,2
0.5672902778526694,-0.2226751005151545,0
1.390533967073938,-1.6413486088230291,2
-1.0043227122146134,-0.9981917282318641,1
-0.5288698535561153,0.17371185298702344,0
-1.3003468322183391,-0.80385040403152,2
-0.017020413861440594,0.3791517355550818,0
0.22558166356880352,1.3891453156779274,1
2.594424587768152,-0.40403229385093714,2
0.33890412521594454,2.0210435614847975,2
0.5072389511096153,-0.1162297003871491,0
-1.6882300277714322,-0.11246598255955272,2
-1.2986867221630902,1.2760753460061875,2
1.0304382674156047,-2.0473236130579617,2
-0.3691818379424436,-0.2393791775759264,0
1.5327792143584575,1.469358769900285,2
-0.3108861716984717,0.09740016626878341,0
-0.3474506524985633,-0.5812684768603252,0
0.7717905512136674,0.8235041539637314,1
-0.3994490292628752,0.37005588784751875,0
-0.035742733548173485,0.33601574266199213,0
1.0450233755026905,0.5990395263761841,1
0.8579239242923363,1.1411018666575734,1
0.03976673458649517,-1.5669947108616025,2
-0.5428614760167177,0.4160500462614255,0
0.25233143138452124,-0.39079799608101357,0
0.10058120872896319,0.5391612741141966,0
0.36754489602226903,0.1903115575939397,0
-0.3004787855854223,-0.3550287310553741,0
-1.2527953600499262,0.7774903558319101,2
-1.3065268517353166,1.658130679618188,2
0.03812738409493465,0.5127175234723987,0
0.8253722320875148,-0.2983231689958337,0
1.034409886481518,-0.9962126403710662,1
0.6993804835878171,-1.0612222874459092,1
-0.3249349583204991,-0.7113063597427886,0
-0.8707971491818818,-0.5788496647644155,1
-1.6923704374741084,0.7293463462804262,2
-1.4828833575740425,-1.3094121463310142,2
0.5128364575927566,-0.3263184621583181,0
-1.5579985281833963,-0.5070347697653375,2
-0.06205312579833403,1.2591671296108138,1
-0.216949569936649,0.4453932508947973,0
-0.9711045704444846,0.3148172045158238,1
0.5238910238342056,0.08842208704466141,0
0.03890870585621503,0.6265642507453606,0
-0.17346389707287913,-0.5100295397556169,0
0.6225191403049977,-0.6311919417468571,1
-1.2928569097234486,0.26705086934918293,1
0.144043571160878,1.454273506962975,1
-1.7971646153956184,-0.8022531717308108,2
-1.1022301909070906,-0.024549423642379036,1
-0.4668455460527625,-1.4169061131262595,2
0.2134800489101689,-1.2085736537332212,1
-0.5986539369229861,-1.1158969859603944,1
1.7549861537420586,-0.13298842230959199,2
-0.7049213525074449,0.6799748442451024,1
0.7644974530335336,-0.2683727352093812,0
0.9367424635352571,1.412327706037443,2
-1.3159074105115212,-0.461584604814709,1
0.05157494276988904,0.8672766288084278,0
1.3151376657209723,-0.3234574724834238,1
-0.8791606288350748,-0.23110160759299653,1
-0.039267991037953184,-0.9489328108497634,1
0.4209182841756566,0.24660218626133443,0
1.4229834965161061,0.3960865849565602,2
0.8811310970996323,1.0329891945199456,1
0.3903649435086224,1.5885306910975325,2
0.23986710589527857,0.15895867412564327,0
0.16155926723816796,1.5634047450289295,2
-0.09038200727694681,1.3675972398067135,1
2.171164949318166,0.6620742889997063,2
0.2975143539549459,0.04402227617534797,0
-0.18505367100934153,-0.8076484876163557,0
2.5263682403559984,1.7699213881967337,2
-0.6470535263827593,0.1712435451522125,0
-0.3979120985908414,0.7825788808419775,0
0.19272899649972683,0.6964386733914393,0
0.3191184000862824,0.30726478050559103,0
-0.06036249439233865,-0.7110405967911112,0
0.5053869385773427,0.3592491565134564,0
-0.6564636749715315,-2.8345545052747023,2
-1.0707526215105425,1.0544517269311366,2
-0.9474885949068795,0.24444345596163258,1
1.0781973037142378,-2.5591846663440965,2
-1.1460004265074433,0.04706609465849369,1
-0.47074249818272723,0.27279638953026414,0
1.0085972868601036,0.5275973827743159,1
0.02673838267463693,0.1834502535815763,0
0.03126754702756948,-0.09211211469195592,0
-0.7999136231406647,-0.2200757798203556,0
0.7041110221415822,-1.4956795162570162,2
0.8625960113284511,-2.655619092974933,2
-0.3386821854453976,2.0347625440211536,2
-1.217938511593151,-0.30496363785442043,1
-0.08511560251940574,-0.5643010333021604,0
-0.9196506900626618,2.6429357210147417,2
1.0390964403783927,0.4790952240982286,1
-1.0546284639850139,0.8202478373246812,1
0.7726948371023817,-1.6615982911145637,2
2.014060154918468,-0.30676577602700456,2
-0.7496903447028966,0.0328087476137118,0
1.4015234160052454,0.1584338467855317,1
1.1394006845433007,-1.2348258203536526,2
-0.9228233149968279,-1.4513384981910251,2
0.27992459904323824,-0.09815038964295794,0
-0.6522935999350191,-0.5211893123011109,0
1.761266127419863,0.7540956636562427,2
2.488441614331128,1.6959695330141693,2
0.4472120874548315,-0.6161211233234792,0
0.6659671460695378,-2.53455446208423,2
-1.5844735631509355,0.8444543066045863,2
-0.43046191188579297,1.149379383367124,1
-0.7255973784635843,-1.3833639553950554,2
-2.5827966329699446,-1.1539503636520094,2
1.6180542690002255,-0.8244091213278346,2
-0.3059525750983919,-0.43847445803460605,0
-0.13594970067832082,1.1368913626026953,1
-0.1550358081183258,0.06606026178649259,0
1.3925184494342724,1.037585667050634,2
-0.7308735859513859,-1.6417032288097841,2
1.660607559894514,-1.4166034824256406,2
0.06763423006691976,-0.46302175410905094,0
1.4111720638896117,0.7858038268311726,2
1.068509399316009,-0.45338580385138766,1
-0.7905230218330772,-0.907300121525327,1
0.2256086544711038,0.44971210023199254,0
-2.994612860227619,0.8809375610809715,2
-0.4980324506923049,1.9295320538169858,2
0.045134015432010274,2.339624806020058,2
-0.3655510899860373,0.9380925409056455,1
-0.38464542314251776,-0.4438360931551978,0
-1.5407970144446248,0.06326199420033171,2
-1.1419014192038466,-1.3109703704412123,2
-1.7685384506770307,0.35548179274376907,2
-1.582938397335082,0.6103793791072052,2
-1.936279805846507,0.18877859679382855,2
-0.9180047698190454,0.2524966270768724,1
1.3243587499958391,-0.17220079269688263,1
-0.5840935467949193,0.3351056201959989,0
0.8690063428187611,0.1841812647035463,1
-1.0431294980353556,-0.8570781886711647,1
-0.6471814318477607,0.47224715008784873,0
-0.5963140384505081,-0.05256729626954629,0
-1.1573552591908536,-0.3122922511256933,1
1.4013448312919596,-0.4103817936578706,1
0.2843145189979445,0.41540062617112683,0
-1.4617326882614081,-0.6834397667886818,2
1.1285940645145685,0.4960009463439622,1
0.6041367404426842,-1.6295836027484383,2
-0.8034096641738411,-0.6895497777502005,1
0.599369372522297,-0.2563168936896428,0
1.209850126410305,-1.4061047713910109,2
0.24676602397997058,1.5259575608848084,2
0.45730964672081126,0.9623417448143452,1
-1.0117740841054885,0.08496813703770767,1
0.6991361537186938,-0.29875960056993595,0
-0.45380404105200106,0.4032645401632468,0
0.87938994191337,0.6354245265539955,1
-0.16221844757669085,0.7694301781773039,0
-1.6388073071221778,-0.7333128075836657,2
1.9559123082506942,0.39009332268792646,2
-0.8602624519575188,0.3283012950007554,1
0.8245572195642364,0.5311783665356953,1
1.4665787155741776,0.852551939461232,2
-0.5892289865101498,-0.44846500620405927,0
0.008627898917576322,0.5270042084546597,0
1.021224743167163,0.7086952731104266,1
0.0674922572408068,0.016338084112892493,0
0.05517135478023174,0.2989774561190176,0
0.21950955579304526,0.3930629339800916,0
-1.649216974417132,1.3985620921255355,2
-0.4059417271884834,0.7243685048699644,0
1.3480357804247187,0.9076987979878987,2
0.10523213705927585,-0.09165940810038319,0
0.4038960208359738,1.936712462402552,2
-0.510805137568873,-1.180632184122412,1
0.4811151263888354,2.759355114021582,2
0.41780058320608143,-1.2402163364077703,1
0.31943183333153063,-0.13777921428577067,0
0.24120396421895252,1.1277836301278024,1
0.6722947570124355,0.40746183624111043,0
0.29871365999200894,0.9106456722299703,1
0.330576756274374,0.9492464735582357,1
0.23958275985639133,-0.3698011663038032,0
-0.9933613754231354,2.042072149826954,2
1.404545514939712,0.14644077047824985,1
-1.6064396894498327,-1.3730535360419285,2
2.451229719075076,-0.21120598363152,2
0.03700572191014953,0.7679024077327037,0
0.298238174206056,1.3263858966870303,1
-0.7239287040586021,-1.1196282336804544,1
0.08658318016541909,1.4192550459109512,1
1.6692508063769687,0.30198921035755294,2
0.5969064812479539,-0.9872866934576524,1
-0.11477532477079817,0.3087512418366131,0
0.8635196583813146,-0.8047537406378693,1
0.4595849048340562,0.28005786003768013,0
-1.0793431660249952,-0.11422555145018021,1
-0.2764328450158372,-0.25957698183403943,0
2.011256681463137,-0.044595426455857026,2
-0.024326124398935636,-0.7380309092056887,0
-1.9457030831639588,-0.9127834941352918,2
1.3426220105103532,-0.7399358529652597,2
1.2961498675278833,0.6164593126261553,1
0.8591041927855306,-0.8096265760401127,1
0.5210648764527586,-0.5757879698130661,0
-0.5109261812322631,0.7747283190671621,1
-0.42870206558582885,-0.6378405564735843,0
-1.4219198716404369,1.9979560797500047,2
0.8145198224878664,0.05892558918162996,0
0.2280533251240672,0.20147994670443287,0
2.6805708407690005,-0.20080851399566557,2
0.2082749780768603,0.9766390364837128,1
-1.6193599828975425,-0.5110404635801098,2
1.821915097860406,-0.07565047058842289,2
-0.35687152802559846,0.5456573234700275,0
0.030546581040616888,-0.036883530845066945,0
-0.4409226322925914,-0.2803554951845091,0
0.7231004937377982,0.024612125247911617,0
-1.6384236257417921,-1.7763886163465759,2
-2.121176444902436,-1.8388466037584985,2
1.7406294458953309,-0.2934850548893775,2
-2.0306844677814944,2.0644928613593194,2
-0.2003534800049874,-1.7140461160489964,2
-1.2704849984857336,0.9693967081580112,2
-0.015779217120995174,-0.4917301080135276,0
0.453781912635684,-1.8297404110045314,2
0.0014710002454108063,-0.7667048545369003,0
-1.2037351921997794,0.41704350296760356,1
-1.7558905834377194,0.45093446180591484,2
2.16323594928069,1.336527949436392,2
0.3658487879168582,1.2978252669735855,1
0.3547576931132181,0.6168865543932788,0
1.8081318105789754,0.436638474629293,2
0.9494208069257608,0.0875512413851909,1
-1.7302760615500858,0.5887424068075064,2
0.25280350541915453,-0.4080147090398969,0
-0.7623615367276093,-1.4469403347558085,2
-0.39238899814963674,-3.0461430547999266,2
0.6764607323616232,-0.3820089555778202,0
-0.1576670161638159,2.2567234972982093,2
-0.8396324471731914,-1.3682450953383907,2
-1.3128496745497917,1.4148741359224224,2
-0.923912015810002,1.4121516982986309,2
-1.5023965693817127,-1.7776669547337063,2
-1.4449401990733717,-1.2105429941233516,2
0.7519465876771957,0.5629897185861278,1
1.866683148331627,0.7574683300614039,2
-1.0060368579203915,-0.8215498256031326,1
0.37642553115562943,-1.0994007905841945,1
0.4662900435501895,1.714831608676043,2
0.7750232632241703,0.43283762149999394,1
0.8178618311849958,0.23820019202203863,0
0.3990463456401302,-2.77259275642665,2
-0.85172919725359,1.8227236001279594,2
-1.1335928256384589,0.9967596428198156,2
1.1880297923523018,0.3169426119248496,1
0.540123026400494,2.2904670705305388,2
-0.35399391125348395,-1.3749512934180188,1
-0.21954102833121325,-1.0840366206719345,1
-0.14357951171632055,-0.3820254489503836,0
-2.7773591454274333,1.151733974780799,2
-0.01568211160255477,0.16092816829822298,0
-1.1474686524111024,-0.43782004474443403,1
-0.6255570351092533,0.9921368285185058,1
0.2066905117080033,0.5310425069780597,0
-0.6840108977372166,1.6595507961898721,2
-0.40317694697317963,1.2224450703824274,1
1.279812020628022,-0.8859664820409529,2
0.24664895525244618,0.6079925094063973,0
-0.40129780513351004,-0.31665529505210693,0
0.7199837301431654,-1.1029062129553697,1
-0.7564935288807483,0.3015140573967662,0
1.0996595958871132,0.6552637307225978,1
0.3960067126616453,-1.0930615087305058,1
-1.1476109448431353,-0.35811407547985674,1
-1.1561824318219127,0.7811981017099934,1
-0.06727560892298173,-1.3183958696447342,1
-1.7974558043668976,-1.0634329381546068,2
0.5342011708457715,0.3178850972381816,0
-0.46886418796679563,-2.201441285500558,2
-0.061638052172214755,-1.432735489934108,1
0.31716062629268876,0.5200406145708678,0
0.04108222614387957,0.5934659196032391,0
0.7303517903770194,1.1045784735714765,1
0.9363985435524596,-0.5256405931019397,1
2.149574534867287,-0.0902438496657506,2
-0.8963697225521802,-1.962732009140752,2
0.018791791774257802,-0.5937774477786675,0
0.2125870464375366,1.5470314969908445,2
0.45615303582705535,-0.3575790319685979,0
2.259308950690852,-0.04225715166064269,2
1.4882521937955997,1.8958891760305832,2
0.1474344016509719,-0.9774648772458692,1
-1.7423561978092306,-1.3032427541123157,2
-1.1776289624826308,-1.1401963009349616,2
-1.3707599825430605,0.8656529228158533,2
1.1173053155366646,-0.5189002044248521,1
0.4936440875248639,0.48701532598037944,0
0.16066118981977281,-0.9526449528153877,1
-0.12824197402770202,-0.27177156649069667,0
-0.3091144447717088,-0.23346666154369272,0
-0.1016972745548716,0.019279384513077216,0
-0.26773353689396645,-1.1280113314700069,1
0.48042449611778676,-0.9681860639071049,1
-0.45408036251560513,0.08595197343438468,0
-0.968082117664578,0.47706809235686526,1
0.8091802968531627,-1.1980928801910382,1
-1.5824944779817585,2.2436018945826404,2
-0.6579260925367952,0.9688826385630508,1
0.402341641177549,-0.6848100909403132,0
-0.2712073398901639,-1.3171747888057943,1
0.7196681705373317,-0.24841930670503823,0
-0.6600563201340829,0.175818953296028,0
-0.4802420417382233,-0.5232509433848951,0
-2.01640662779976,-0.5394546333745014,2
-0.9087632459590531,-0.4243176209779015,1
-1.4059629162678993,-0.5900576458695397,2
-1.0485529650670926,-1.4200179371789752,2
-2.36417381714118,0.02033418170524325,2
-0.10321275146170758,-1.0513903986600646,1
0.44386323274542566,0.33367432737426683,0
-1.3751844793172407,0.5009922321799466,1
-0.13288057758695562,-0.2977908794017283,0
-0.3611131347398661,0.6089623416545242,0
0.3382254736851153,0.651781261700616,0
0.5232766605317537,-0.1715463312222481,0
-0.0285288698344164,-0.32473026508296,0
-0.34624944764730997,-0.7946363210714987,0
0.7714059486768455,1.0294388287827672,1
-0.4310963375107571,0.5727513668572158,0
0.9606933984606597,1.3290628465396823,2
-0.1682142227670741,0.37791010173847506,0
0.7708369604049367,0.24316821540249173,0
0.5898798207345195,-0.3638588099707899,0
1.5187593369635801,-1.1711604614500803,2
0.0275097020298358,2.2320163895251777,2
0.5129168468277764,-2.5412388076882246,2
-2.5529898158340787,0.6536185954403606,2
0.8851875412089273,1.4737648151384048,2
-2.011880319244709,0.5897036055747239,2
-0.8589723884443423,-0.898942156465536,1
-0.8688625468659522,0.6563907508593024,1
0.09920486253150243,1.5762989726277177,2
0.27560067398405635,1.4350493867891545,1
0.38909396886572056,1.1710410646204883,1
-0.47965581400794766,0.6203582983435125,0
-0.9906709306271492,-1.002668587369791,1
0.025385604406458987,0.6103917643054128,0
0.2842796708072146,1.7426687806556311,2
-0.4832495424791074,0.002571182431510025,0
-1.0326431018921296,-0.4367483374580074,1
-0.7047002758562337,0.9432607249694948,1
-0.7886692545093662,1.0946383747120914,1
0.9725357891425369,2.1338682472045374,2
0.021062021342063624,0.09945445703071175,0
-1.7062701906250126,1.9507753952317897,2
-0.857702623046894,0.13545466318998053,0
2.1167910214836754,-1.6108784034499337,2
1.7327211869191332,0.6845011068591904,2
0.9687443931111454,-0.7303570955579599,1
0.007617498318158107,0.886864686582761,1
-0.9128222254441586,1.117016288095853,1
-0.8958157604108271,0.5483281304979799,1
-0.5664398537322193,-0.30769127736700175,0
0.640131526097592,-1.6169560443108344,2
0.34816923524180865,0.663258089679174,0
0.5023282400747796,-0.8622669997532367,1
0.2869044880033464,-2.3205942757907416,2
-0.34069234387793046,-1.2631729120851543,1
0.8449956030008372,-0.675593827630063,1
0.20727074697361864,0.307732574679432,0
0.018627370661355457,1.0543249749040777,1
-0.11048940506592783,-1.6606998118692633,2
-0.603839552796151,-1.1495540632571182,1
1.5199948607657727,1.7195893074161945,2
1.3250140528868153,0.2053325637779597,1
0.8005648034309968,0.07826017516166135,0
0.5665453158182124,0.14630444600104425,0
-1.34841308775612,1.264983329856256,2
-0.3646935443916854,0.15670385527236397,0
0.16392857245258663,0.09632135592119682,0
1.5309323510288246,0.09244773546980858,2
0.9667680111664602,0.5080679093914777,1
0.46079432770125556,-0.400986157896401,0
0.9409176145751134,0.40520408032288807,1
-0.3416780975958806,0.024290914137780388,0
1.1036939574621503,0.40053068459870617,1
-0.5914026678081108,1.1244191845103682,1
1.327782695957983,-0.10128148621739935,1
0.7539914669784796,1.0653154920979948,1
0.30833124595934525,-1.3780834670640771,1
1.7746585609733332,-0.39315319475411287,2
0.6898181645347884,1.3018462295649984,2
1.0156652815421012,0.7010413411650971,1
-0.23929659114234414,-0.24679355778875178,0
1.648504010268179,-1.5500141893581478,2
1.0983035407325124,-0.13783917859609385,1
-0.7699160744453164,0.5392491912918173,1
-0.637437025552229,-0.39727181432879766,0
-0.38687084685064654,-0.5102927396336285,0
0.43077113494564145,-0.14989159173313932,0
0.555962679709798,0.8924738873315303,1
-0.16975829390248548,-0.1341327827684201,0
-0.8974009269018305,1.3124703671409963,2
0.9787379841057392,2.240893199201458,2
-1.1651498407833565,0.9008264869541871,2
-0.757870860425166,-0.05008409428482209,0
2.3466470305265617,-1.2791611070282582,2
-0.08593076697161273,0.19429293804577166,0
-0.44876701310549916,-1.7441877565539552,2
-2.158068563961257,1.3185510180908366,2
-2.369586905226603,0.8640523004976479,2
0.768770644399475,-0.4213275873246805,0
-0.7395629963913133,1.5430145954067358,2
-0.5494985463040403,-1.0985707275553296,1
-0.7994223995430966,0.24078750974193844,0
0.4355461592956536,-0.5992242774597194,0
-0.6872990371566635,-0.11747454641811148,0
0.010185518712073464,2.1982963386704926,2
1.2213849594591983,-0.19284182854396467,1
1.0541779089389227,0.9508336970037996,1
-0.014857703354702717,0.8214059370248112,0
-0.5543096265713009,-0.4706376581547914,0
-0.7823669669020897,0.6251186564337302,1
3.1709747732901796,0.18949963754791346,2
-0.507517601657357,-1.051880102551674,1
-1.0002153473895647,-1.5447710967776116,2
0.46838523427705164,1.7358789976857132,2
1.561279598955807,-0.9402702359572048,2
-0.6429525533528905,0.1501152270061292,0
-0.7621145119224981,-0.8877801366359354,1
-1.5482543228490424,0.5319746390071913,2
-0.10497970101895356,1.3674149824601585,1
-0.2224770102429203,-0.8589199078076716,1
-0.9378802311514517,0.43310795315134365,1
-0.20694471055729102,-0.6780954607862469,0
0.9364457258311158,-0.03509517686967038,1
0.3563663971744019,0.7065731681919482,0
-0.33379096035356415,-0.020129103877537476,0
-0.15602389099728736,1.0490931879200103,1
-1.0314824603152577,-1.4299912586854484,2
0.19898949440518773,1.9887319185953911,2
0.19321355323369646,1.2973420890928906,1
0.8758327615873309,-0.11510746848722672,1
0.21717963263828013,0.07821118109215218,0
-0.20289684076666706,-0.1098827793093138,0
-1.6324233020679833,-0.06713415461452177,2
-2.2396040586617367,0.4014990550902875,2
-0.045113303693334814,0.07912172392953508,0
-0.35595149304680634,2.5402316207591715,2
-0.4635959746460942,0.4814814737734622,0
-0.9327890415064383,1.2433193844551549,2
-0.028182228338654868,0.42833187053041766,0
1.269764750314304,-0.709854182146104,1
-0.9571580982754103,1.0139721541121614,1
-1.0452533661469547,1.2111452896827009,2
1.3709890062911214,-0.5098432421384791,1
1.2577442174960383,-2.0866349794205425,2
0.44819528442331247,1.6961815728281606,2
-0.7199405321418947,-0.8935744023141913,1
-0.9191134448699437,0.19275384906521617,1
-0.10321885179355784,0.41059850193837233,0
-0.9831181837457077,-0.898321971432016,1
0.3390592559424304,-0.5896320419510298,0
-1.6553440383096778,0.15364446081566638,2
-1.62632193782683,-0.13482245109435406,2
-0.7742950804868045,-0.2693897784512403,0
0.2745163577239395,-0.8909150829955279,1
-0.0616264020956474,-0.10730527629117469,0
0.33003511451031164,2.225944331738259,2
-0.45582534779936884,1.4261587520192662,2
0.013239767667533552,-0.12194492760027727,0
0.32486961579618606,0.9971179807917595,1
-0.39522898265435435,-1.159420516399913,1
1.021790585588673,-0.5525406734167292,1
-0.4223148241252707,0.10471402943328433,0
-0.6250273906846713,-0.3903926939855081,0
0.29673317249411335,0.8299861590811032,0
0.7732529774025997,-1.1838806401933177,1
-0.289005210954233,-1.9986394755833727,2
-0.5457119740177824,-1.8845858449794477,2
0.3843234052112453,1.0097118548117143,1
-0.9724028893524976,1.3462210732223001,2
-2.802202798391713,-1.1884244215830193,2
2.1531197925705827,0.4683049076895917,2
0.8689634868967954,0.27687190584612803,1
-0.057469518465394644,-0.39121705217401626,0
-2.2886200400145285,0.251484415021537,2
1.738872677454511,0.9943943913154989,2
-1.8923618933173414,-0.17781314370301254,2
0.6775570335877171,1.3071838450812574,1
-2.004215715498915,0.37687652085089274,2
0.02185735821987137,0.04253907402979072,0
0.12691209270361992,0.40198936344470165,0
0.6051200840821667,0.895555985551324,1
-0.27682299477388833,1.123905305614439,1
0.19796728994496746,1.0819352184772653,1
0.13157396790806872,-1.4055600473918899,1
-0.9988487960953681,-0.7401367907395136,1
-0.5053583172644099,-0.8157915419939713,1
0.4064154936762062,-0.1931767015498399,0
0.5290452383344316,0.42262862170882565,0
0.41785370321732596,-0.04001872535163292,0
-0.4990166379941829,0.02135122384354861,0
-0.22425893425164034,-0.30224973045507003,0
-2.437564359199356,1.11492455949028,2
1.5877615237453675,-0.6432576017887388,2
-1.5914478754580315,0.003222216443155699,2
-0.45764059428952597,0.3718110814974935,0
0.8709617821716196,-0.8779706165358702,1
-0.15993978775704282,-0.8319574932171248,0
1.9229420264803847,1.4805147914344243,2
-0.8565493082342095,-1.5415873996717875,2
-0.3881541924822496,-0.05992800267109062,0
1.1541840304940192,0.1725044164928659,1
-0.6436184028328905,-2.2234031522244266,2
-0.5286706589354886,-0.10800383678095793,0
-1.6301983469660446,0.4627822555257742,2
0.8952602728899299,1.3749640663929898,2
1.4558079518368434,0.05549222544380277,1
0.1549474256969163,0.37816251960217356,0
0.6140793703460803,0.9222066715665268,1
-0.045703960660234855,0.2205076557571733,0
-0.5327027919795545,1.0907497344345,1
-0.8358560674816213,-0.9420935888731159,1
1.4944845444913688,-2.0699850250135325,2
0.44103290727315136,0.17879286573317985,0
0.012231983638817386,1.5692596145359043,2
-0.6780257815644504,1.2978457906510987,1
-0.40630313044506255,-0.8640449911023695,1
0.6774621693464117,0.05182038948242156,0
0.8644361988595057,-0.7421650204064419,1
1.1002843382203737,1.2980219723262212,2
0.8568306119026912,-0.6510255933001469,1
-0.03331928284515295,-1.5308034973994926,2
0.030601824338517807,-0.06964157844693558,0
0.6705704503109099,-0.7075056975105769,1
-1.6812182154944335,-0.8889713580954499,2
-0.6599427051023377,0.21301716742988736,0
0.08261103215620101,-0.8215345170195275,0
-0.7537044661806008,0.13768982590334733,0
1.3554427025944182,-0.3981481287500751,1
0.5592989813908843,-1.063695591025548,1
0.5765908166149409,-0.20829875557799488,0
2.497200391587007,-2.245321648371402,2
-1.601836048972537,-0.8871809418450403,2
0.7316589270303925,-0.06548837514448298,0
1.5927707544174836,-0.25857263167677125,2
-0.8612256850547025,1.9100649530990337,2
-0.3615992807816198,1.0645851361278518,1
0.9600477411499279,-0.4164990824366925,1
-0.6963266538610828,-0.29039710080386677,0
0.7610377251469934,0.12167501649282841,0
-1.1043833394284506,0.052165079260974405,1
-1.6138978475579515,-0.2127402802139687,2
0.7471883342046318,-1.188944955203736,1
0.1508182063325938,-0.2554707861877694,0
0.4140913537935951,-0.5072344618949226,0
-0.06824160532463124,1.7133427216493666,2
-0.7196043885517929,-0.8129929885540773,1
1.9667639719347398,-0.196233964943542,2
0.35950439957101016,-0.14456681693373594,0
-0.9072983643832422,0.05194539579613895,1
0.7741606098188164,-0.7744589687708259,1
-1.1390081931169653,-1.214401382959259,2
-0.6343220936809636,-0.3627411659871381,0
-0.6677202863593994,0.3269625954044574,0
-0.7826291558275251,-0.11038929902688775,0
-0.5096521817516535,-0.4380743016111864,0
0.6915387510701866,0.6947491436560059,1
1.1813786012882859,-0.6319037580051673,1
-1.0003303489537054,1.67398570701071,2
0.7666631816450861,0.3562928174722889,0
-1.0342428417844647,0.681594518281627,1
-0.38487980918127546,0.094351589317074,0
0.6433144650629279,-1.5706234086334527,2
1.0400862450537032,0.16464380952639762,1
0.917221542115856,-0.05704286766218815,1
0.46566243973045984,-1.5362436862772237,2
-0.20690367616397173,0.8801789120807822,1
0.6252314510271875,-1.6020576556067476,2
0.28601252697811796,0.978567297446043,1
-0.056133020448757114,-0.001385042735095726,0
-2.1789315201949093,-0.6296504269401813,2
0.42625873077810095,0.6769080350302455,0
-1.040599230085145,-0.3156031233858582,1
-0.7727718829782021,0.8820565993630106,1
0.15647625694629896,-0.2163439782957261,0
0.11514787314009216,-0.37914756287992274,0
1.5788651944164882,-0.795500550053291,2
-0.33210227734882514,-0.7214312955717558,0
0.22246316400860677,-0.08837552319915497,0
0.2155530537886848,0.5680073592264201,0
0.9836361957891795,-0.08561495423049709,1
-1.139802455426774,0.7849575212405001,1
0.8215857120497958,0.005292646299360854,0
0.28912050527881217,0.4128708204461747,0
0.5407735853003902,-1.8180776303835695,2
-0.5215796779933731,-1.184686590411552,1
0.9295051114795281,0.5822245913979243,1
0.36448124924050557,1.4713219561423383,2
-0.9301565025243212,-0.17858909208732915,1
1.584820527349018,0.6479677910098883,2
-0.46744100962590635,-0.8601533849246632,1
-0.7803044065015394,0.2711127964467149,0
0.4524890926396464,0.09789614541262709,0
1.4028447401002433,0.335844721405313,1
-0.10434349149469264,-0.9880019424937344,1
-0.7554627263656334,-1.2012015190173893,1
-0.852585847170647,0.022959755607951444,0
0.16586352265353732,1.3291412827455533,1
0.7557402888945426,-0.53913263675299,1
0.19145087202391178,0.8805111991771105,1
-0.7891021802566502,0.0012484557884866053,0
-0.182904980856951,0.8962484253561593,1
-0.130106954193704,0.09395322938556872,0
1.126635922106507,-1.0799315083634233,2
-0.35343174875719907,-1.6164741886510325,2
0.8326507394644783,0.3270662091210221,1
0.8126740421090424,0.587259379399826,1
-1.6641729851661735,-0.12656933163938985,2
0.2348215259487319,2.1321534105704436,2
-0.2616454457109007,-0.18224478378994294,0
-0.46931073627910674,0.8756956787795067,1
-0.9768953867353252,-0.5895799225452156,1
0.22739277512112846,-1.016738648609769,1
-0.2420198298702195,1.5182611703557054,2
-0.49610233398256237,-0.07480498268034107,0
0.31306770165090136,-0.8540957393017248,1
-0.6945678597313655,-0.14963454032767076,0
1.0289354925948542,-0.0722870075600049,1
-0.6585529668050037,-0.5142339659399888,0
-1.82425665593783,0.3036039044620014,2
0.1319117557874122,-1.9805655910689397,2
-1.0299352833089765,-0.34994336458910474,1
-0.24133779145310455,-0.8781903428100731,1
0.06651722238316789,0.3024718977397814,0
-1.3730425509508952,-1.0677420110191065,2
-0.8133642592042029,-1.466424327802514,2
0.17742614225375283,-0.4017809362082619,0
-0.4246633024328657,-0.8299645975379619,1
-0.5028167006425383,2.4124536795437486,2
-0.12040663866440973,-1.4793159799632536,2
-0.7290446587946957,0.19655740072878491,0
-1.1046165975264708,-0.030936257273958937,1
0.0386305518401881,-1.6567151023219537,2
0.5541275783267697,-0.6701258977272965,0
-1.0068317522989838,1.6815767162673276,2
-0.5981504525164858,-1.5200392851920637,2
0.14195316332077967,-0.3193284171450952,0
-1.17312340511416,1.9436211856492926,2
0.3517801106813583,0.37923553353558676,0
-0.2916419863518446,-1.7410228083589014,2
-1.3651628772251687,1.9470986428203578,2
-0.31197610791621294,-0.8402903954793065,1
0.8864915393596159,-0.2721317560182082,1
-0.522619416398478,1.042977594646376,1
0.7863279621089762,-0.46641909673594306,1
-2.0946030712061448,0.12372191423350658,2
1.4940790731576061,-0.20515826376580087,2
-0.14876615223367926,0.09600420496977001,0
0.6430545453392927,0.5882249291179367,0
-0.3497821801115369,2.023471949769974,2
0.2238435633129107,0.32962298212773805,0
0.2711701846373109,-0.8014968853943748,0
0.7290905621775369,0.12898291075741067,0
0.2050866252318538,1.1615338035591172,1
0.7772769637679554,-0.29104146327302577,0
-1.188859257784029,-0.5068163542986875,1
-0.6006575576577885,1.5522431800485608,2
-0.2680033709513804,0.8024563957963952,0
0.5640085350738091,-1.2845522979925272,1
1.15233156478312,1.079618592036821,2
0.5232617386880769,-0.5375833685580619,0
-0.20828510309499634,1.5743712374755716,2
0.35570351572398445,-0.47728627040322935,0
0.010500020720820478,1.7858704939058352,2
-1.014825907734441,-0.6023318535828621,1
1.5133280825732052,0.553132064207584,2
-1.0053118723488588,0.101407146668211,1
-0.41361898075974735,-0.7474548114407578,0
0.4986902749098275,1.0479721559680528,1
-0.18375573024999226,0.8246182196384677,0
0.698457149107336,0.00377088908626934,0
-0.6743326606573761,0.03183055827435118,0
-0.8954665611936756,0.386902497859262,1
0.227345950143481,1.6142495472802274,2
2.6205738460182393,-0.7474731780653794,2
0.6071116719160459,-1.0481704068254731,1
0.23914558065378702,1.3978962610867354,1
-0.042171451290578935,-0.2868871923899076,0
-0.37514711666128386,-1.226196191783019,1
0.4574156062209908,-0.9646120137337284,1
0.9214083978105813,0.4608144771488305,1
-0.22260568094832048,-0.9130792180417964,1
-0.8056265075393678,-1.1183119243216322,1
-0.010056471869014538,1.2380069359584398,1
-0.8087175319795337,-1.1041239857992617,1
-0.8174930976162265,-1.4013472930393105,2
-1.252593341503319,-0.5863200252111324,1
1.8675579901499675,-0.977277879876411,2
-0.960504381633148,-0.7931173627076716,1
1.3264616423656934,-0.964606424206264,2
1.285984007080293,-1.506998398214272,2
-0.9444462559182504,-0.41004969320254847,1
0.11255753090645429,-0.6555450294843581,0
0.9237965603139469,-0.13256801465371804,1
2.2697546239876076,-1.4543656745987648,2
0.7324240097548762,-0.3752224007606727,0
-1.225435518830168,0.8443629764015471,2
0.46616642603403075,-0.3702424407043429,0
-0.9571474731510168,-1.348424319121701,2
0.47043314484648185,0.3114470715541555,0
0.19506969715138117,-1.7815628557055914,2
0.25099811600832395,1.0547579251802828,1
-1.4464210639833286,-0.4523502755690917,2
-0.5693120534701851,0.26990435494076137,0
-1.4465346995633879,0.8002979493400275,2
0.42258037227288275,0.547480572104665,0
0.9430460873225178,-2.7396771671895563,2
0.8020517387405159,-1.846531981664673,2
0.18333919925760125,1.6709430327888573,2
-0.9443684908242939,0.23810314783231212,1
-1.4465778900358943,-1.582685641802789,2
-0.6126257388749357,-0.8228283242942818,1
1.0813760344581897,-0.6313759884493888,1
-0.13105401154141233,1.133079879559722,1
-0.9327409107943778,-1.2630683491022754,2
-0.8552404572508642,1.2572196508289941,2
-0.635846078378881,0.6764332949464997,1
0.242117960985123,-0.8887202573536308,1
0.28634368889227957,0.6088438344754508,0
-0.31155253212737266,0.05616534222974544,0
-0.40318830684953333,0.9494055237932187,1
-0.640725724190199,-1.1343115937222275,1
1.6085221559487237,-0.5615787496032209,2
0.04949498165009074,0.49383677628095635,0
-0.5654978063746563,0.4760313834381145,0
1.2674116548186567,0.49949823346865946,1
-0.6920498477843912,1.5363770542457977,2
-0.48024903499492544,0.9361075501096976,1
0.5289436184165822,0.24614778868484416,0
0.9132019242521776,2.211304333239493,2
-0.11054065723247261,1.0201727117157997,1
1.3191368763015756,-0.8824188185499185,2
-1.723228250716323,1.7975393871259047,2
0.5365965205668235,0.4046954556143003,0
0.11273794123573726,0.6572676903047773,0
0.33053274323491577,-0.14527445720476923,0
0.16667349537252904,0.6350314368921064,0
1.265077838088766,0.21149701273187801,1
0.013748487335533657,-1.8447011636280461,2
-0.3873268174079523,-0.30230275057533557,0
0.04575851730144607,-0.1871838500258336,0
0.9361291483110824,0.6783800988404703,1
0.4066570874668812,1.2016978556675064,1
0.40088567910412115,-0.009657236532908346,0
-0.37070400322045344,-0.9456157955562914,1
0.9341797484997248,-1.3915052694042196,2
-1.4240609089825316,-0.49331988336219407,2
-0.43918952180214793,0.18133842921782128,0
1.764052345967664,0.4001572083672233,2
-0.048344623779819615,-0.6081012569516899,0
0.947251967773748,-0.1550100930908342,1
-1.6981058194322545,0.3872804753950634,2
-0.13370155966843916,1.0777438059762627,1
0.06859922748066052,-0.2722761011450806,0
0.0977249677148556,0.5829536797532936,0
-1.3804307523072692,-0.5359145616661618,2
-1.3177173431407654,0.5410082199598076,1
-0.04932407014757259,0.2390336012467649,0
-1.2266216593966155,0.967446150050235,2
0.9605572244572284,0.2258404786026901,1
0.09866745381579567,0.1971810551973674,0
0.7553956956633383,0.867407411354918,1
0.5433118913875197,0.43904295767204254,0
-0.3479121493261526,0.15634896910398005,0
-0.0984525244254323,-0.6634782863621074,0
-0.832186034150062,0.17233913922918878,0
0.9101789080925919,0.31721821519130206,1
-0.07466797825114957,0.25871644022974605,0
1.6481349322075596,0.16422775548733395,2
-0.02342310502145217,1.0791947281124892,1
-0.3007838764760271,-0.660608593976992,0
-0.417477349885034,-1.0974966547702447,1
-0.764143923906443,-1.4377914738015785,2
1.0590272544419663,-1.0225643912606857,1
0.9265583009670965,0.5580818806186658,1
-0.8031413873416283,-0.46433769143549164,1
0.690429024383049,0.7966721083646714,1
-1.3647582300824324,-0.021869908789079875,1
0.21496559062609352,0.09721923200291803,0
0.1993001968964652,-0.050603540961665895,0
-1.4902653879072982,1.496139636951632,2
1.1483505806911263,-0.9108503776386525,1
-0.4957954945452093,1.2165777137429403,1
-0.40123470991118243,-0.8000824760846013,1
0.05989468311627605,-0.2125230447703092,0
0.18970261207999575,1.7025701522417913,2
-1.1169495537467236,-0.03529673960291556,1
0.8179776072548057,-0.2789142751032398,0
-1.4227949086263427,1.9223247554443985,2
1.4893559620744803,0.5213037482757137,2
-1.8430695501566485,-0.4779740040404867,2
-0.9389815726777853,1.0170209914132446,1
-0.05858655113386085,-0.31754309393019925,0
-0.8351926901914831,-0.9467404109571895,1
0.2242522209656819,-1.6786883628286566,2
-0.16137353627777917,1.7944488052250736,2
1.8831506970562544,-1.3477590611424464,2
-1.4812459621972984,-1.272558135032317,2
-0.4700328827008748,-0.21673147057553863,0
-1.3479254226291204,-0.761573388256559,2
-0.0392828182274956,-1.1680934977411974,1
-0.45553250351734315,0.01747915902505673,0
2.303916697683942,-1.0600158227215473,2
-0.2821958766904351,-1.1582031851840289,1
0.19286395555038602,-1.1570172808158679,1
1.3852615467222305,-0.3030982534240727,1
1.0963468456657985,-0.23421580134453654,1
0.6081564276006415,1.1149623229474022,1
-0.37016416451370254,-0.9592553926405882,1
0.2756665493407744,-0.7083850523381071,0
1.0013310173467296,0.597212504403425,1
-0.8376780419079453,-0.5911831037644297,1
-1.1094775536361452,-0.5475181006794317,1
-0.813595997094507,-0.521641509970619,1
1.6315974275322715,0.3777591697307179,2
-1.0180418752873648,-0.07785475594085076,1
-1.604738529860987,1.4587147496759936,2
-1.6429652935306092,-0.4060717962598319,2
-0.8137944832313059,-1.4491176107369304,2
0.045165855938831004,1.8593463338516283,2
0.8733118360704122,1.1997361764150378,2
1.4333525028819918,0.4183980113091925,2
-0.09900831128407737,-1.0506538365874896,1
0.050954277011289496,-1.794229271489721,2
-0.2918373627478628,-0.7614922118116233,0
-0.5319938094111618,-0.9562584224322828,1
-1.3597807255038137,-0.04140081155796743,1
-1.8081439264982515,0.4113342428976086,2
-0.8152756611364586,1.801213990808535,2
1.8495912466796365,-0.21416665620008424,2
-0.36505521654625767,-1.7913275480411837,2
-0.7408667042040726,-0.608291150081495,1
1.7123052213432965,-0.79211502056515,2
0.21524046763961147,-1.0063655216785503,1
-1.1791579306376878,1.3014280716647608,2
0.9541895808987649,0.544144752358008,1
-0.813146282044454,-1.7262826023316769,2
0.4980524046828567,-0.026192237344250482,0
0.1565065379653756,0.23218103620027578,0
-1.6845172554248828,0.8065637678962596,2
-0.44816536268070806,-0.6493379277303881,0
-1.6326345262344952,-1.567767724308454,2
-0.05535254802238957,-0.26393734859268786,0
0.49374177734918845,-0.11610393903436653,0
0.442846113746739,0.21839707312993703,0
1.2302906807277207,1.2023798487844113,2
1.4315677574492909,1.4622141707804195,2
-0.4674931736578535,-0.8624932997247339,1
-0.5175190425104033,-0.9788298593587699,1
1.2248705641936597,0.06485610634357618,1
-0.8391294028422137,0.9901213838791937,1
0.6119271927311578,-1.3414967255830426,2
